{
    "timestamp": "2026-04-05T20:24:30.005165",
    "Hyperparameters": {
        "model_type": "GradientBoosting",
        "n_estimators": 300,
        "learning_rate": 0.05,
        "max_depth": 5,
        "min_samples_split": 10,
        "min_samples_leaf": 4,
        "subsample": 0.8,
        "use_smote": true,
        "smote_ratio": 0.8,
        "optimal_threshold": 0.4276194468409144,
        "random_state": 42
    },
    "Validation": {
        "accuracy": 0.8633333333333333,
        "f1_score": 0.8620429655560365,
        "roc_auc": 0.8846821252230652,
        "classification_report": {
            "0": {
                "precision": 0.9090157154673284,
                "recall": 0.9204355108877722,
                "f1-score": 0.9146899708697461,
                "support": 1194.0
            },
            "1": {
                "precision": 0.6735395189003437,
                "recall": 0.6405228758169934,
                "f1-score": 0.6566164154103853,
                "support": 306.0
            },
            "accuracy": 0.8633333333333333,
            "macro avg": {
                "precision": 0.791277617183836,
                "recall": 0.7804791933523828,
                "f1-score": 0.7856531931400657,
                "support": 1500.0
            },
            "weighted avg": {
                "precision": 0.8609785713676635,
                "recall": 0.8633333333333333,
                "f1-score": 0.8620429655560365,
                "support": 1500.0
            }
        },
        "confusion_matrix": [
            [
                1099,
                95
            ],
            [
                110,
                196
            ]
        ]
    },
    "Test": {
        "accuracy": 0.848,
        "f1_score": 0.8489064787205204,
        "roc_auc": 0.8610933534535976,
        "classification_report": {
            "0": {
                "precision": 0.9080168776371308,
                "recall": 0.900418410041841,
                "f1-score": 0.9042016806722689,
                "support": 1195.0
            },
            "1": {
                "precision": 0.6222222222222222,
                "recall": 0.6426229508196721,
                "f1-score": 0.632258064516129,
                "support": 305.0
            },
            "accuracy": 0.848,
            "macro avg": {
                "precision": 0.7651195499296766,
                "recall": 0.7715206804307566,
                "f1-score": 0.768229872594199,
                "support": 1500.0
            },
            "weighted avg": {
                "precision": 0.849905297702766,
                "recall": 0.848,
                "f1-score": 0.8489064787205204,
                "support": 1500.0
            }
        },
        "confusion_matrix": [
            [
                1076,
                119
            ],
            [
                109,
                196
            ]
        ]
    }
}